first_name,last_name,title,company,company_domain,email,linkedin_url,employees,segment,description,source
Dana,Whitfield,VP Operations,Corveth Logistics,corveth.com,dana.whitfield@corveth.com,linkedin.com/in/danawhitfield,780,mid_3pl,Regiona I 3PL running six DCs across the Midwest,zoominfo
Dana,Whitfield,VP of Operations,Corveth Logistics,corveth.com,Dana.Whitfield@Corveth.com,linkedin.com/in/danawhitfield,780,mid_3pl,Region al third- party logistics provider,apollo
Marcus,Oyelaran,Director of Distribution,Halvern Supply,halvernsupply.com,m.oyelaran@halvernsupply.com,linkedin.com/in/moyelaran,1450,mid_3pl,C ontract logistics and retail distribution,zoominfo
,Warehouse Inbox,Pell and Rowe Distribution,pellrowe.com,warehouse@pellrowe.com,,320,distributor,General warehouse contact,scrape
Ines,Guzman,IT Director,Trellick Cold Storage,trellickcold.com,i.guzman@trellickcold.com,linkedin.com/in/inesguzman,610,cold_chain,"Tem perature- controlled storage and distribution. Operates four facilities on the Gulf Coast.",zoominfo
Ray,Buckhalter,Owner,Buckhalter Freight,buckhalterfreight.com,ray@buckhalterfreight.com,linkedin.com/in/raybuckhalter,4,mid_3pl,Own er-operator freight brokerage,scrape
Priya,Nandakumar,VP Supply Chain,Ashgrove Foods,ashgrovefoods.com,priya.nandakumar@ashgrovefoods.com,linkedin.com/in/priyanandakumar, 2400,cold_chain,Frozen and chilled food distribution,zoominfo
Tom,Deakins,Director of Operations,Ridgeline 3PL,ridgeline3pl.com,t.deakins@ridgeline3pl.com,linkedin.com/in/tomdeakins,1900,mid_3pl,National 3PL with e- commerce fulfilment,apollo
Karen,Ostrowski,COO,Vance and Loom Logistics,vanceloom.com,karen.ostrowski@gmail.com,linkedin.com/in/kostrowski,540,mid_3pl,Region al logistics and last- mile delivery,scrape
Alan,Frisk,Director of Warehouse Ops,Sundstrand Distribution,sundstrand-dist.com,a.frisk@keeleylogistics.com,linkedin.com/in/alanfrisk,1100,distributor, Industrial parts distribution,apollo
Nadia,Ferreira,VP Operations,Quillon Cold Chain,quilloncold.com,,linkedin.com/in/nadiaferreira,870,cold_chain,Pharmaceutical cold chain logistics,zoominfo
,General Enquiries,Marchetti Warehousing,marchettiwh.com,info@marchettiwh.com,,260,distributor,Public warehousing,scrape
Greg,Halloway,Head of Fulfilment,Norvind Logistics,norvind.com,greg.halloway@norvind.com,linkedin.com/in/greghalloway,3300,mid_3pl,Omnic hannel fulfilment and returns,zoominfo
Greg, Halloway, Head of Fulfillment, Norvind  Logistics, norvind.com, g.halloway@norvind.com, linkedin.com/in/greghalloway, 3300, mid_3pl, Fulfilment services provider, apollo
Hollis, Ntembe, VP Operations, Barrowgate  Logistics, barrowgate.com, h.ntembe@barrowgate.com, linkedin.com/in/hollisntembe, 41000, enterprise_ 3pl, Global freight forwarding and contract logistics, zoominfo
Sofia, Marchetti- Lund, Director of Distribution, Kestrel  Provisions, kestrelprov.com, s. marchetti@kestrelprov.com, linkedin.com/in/sofiamarchettilund, 1650, distri butor, "Foodservice distribution across eleven states.  Runs its own fleet.", zoominfo
Bo, Tran, IT Director, Alderfell Cold  Logistics, alderfell.com, bo.tran@alderfell.com, linkedin.com/in/botran, 720, cold_chain, Cold storage and blast freezing, apollo
Renata, Ostojic, VP Supply Chain, Pike and  Halloran, pikehalloran.com, r.ostojic@pikehalloran.com, linkedin.com/in/renataostojic, 2100, distributor, In dustrial and MRO distribution, zoominfo
Curtis, Ebanks, Director of Operations, Wexmoor 3PL, wexmoor3pl.com, c.ebanks@wexmoor3pl.com, linkedin.com/in/curtisebanks, 4400, mid_3pl, "Contra ct logistics, 3PL and freight brokerage.  Eighteen distribution centres in North America.", zoominfo
Mira, Anand, Head of Warehouse Systems, Thornbury  Foods, thornburyfoods.com, mira.anand@thornburyfoods.com, linkedin.com/in/miraanand, 3100, cold_ch ain, Chilled and ambient food logistics, zoominfo
Del, Passmore, COO, Ganton Freight  Services, gantonfreight.com, d. passmore@gantonfreight.com, linkedin.com/in/delpassmore, 990, mid_3pl , Regional freight and warehousing, apollo
Yuki, Sarnoff, VP Operations, Loxley  Distribution, loxleydist.com, y.sarnoff@loxleydist.com, linkedin.com/in/yukisarnoff, 1280, distributor, Consu mer goods distribution, zoominfo
Ade, Fagbemi, Director of Distribution, Cardew  Provisions, cardewprov.com, a.fagbemi@cardewprov.com, linkedin.com/in/adefagbemi, 2750, distributor, Foodservice and hospitality distribution, zoominfo
Tobias, Vreeland, IT Director, Merrowfield  Logistics, merrowfield.com, t.vreeland@merrowfield.com, linkedin.com/in/tobiasvreeland, 5600, enterpris e_3pl, "Contract logistics and supply chain services.  Serves automotive and industrial clients.", apollo
Beth,Okonjo,VP Operations,Stanmere Cold Chain,stanmerecold.com,b.okonjo@stanmerecold.com,linkedin.com/in/bethokonjo,1340,cold_chain,C old chain warehousing and transport,zoominfo
Ivan,Prochazka,Head of Fulfilment,Dunmoor Supply Co,dunmoorsupply.com,i.prochazka@dunmoorsupply.com,linkedin.com/in/ivanprochazka,830,distrib utor,Wholesale supply and distribution,apollo